Ticker,Date,Prediction,Model,F1_Score,Confidence
AAA,2025-05-11,0,svm,0.5263157894736842,0.5055264320998197
AAM,2025-05-11,1,transformer,0.5365853658536586,0.5459933280944824
ABI,2025-05-11,1,svm,0.6461538461538462,0.544238625714902
ABT,2025-05-11,1,svm,0.6206896551724138,0.6237666736166622
ACB,2025-05-11,1,svm,0.6545454545454545,0.6467825663669183
ACC,2025-05-11,0,logistic_regression,0.6885245901639344,0.996285761358911
ACE,2025-05-11,1,svm,0.6461538461538462,0.5602087095377098
ACL,2025-05-11,0,logistic_regression,0.4827586206896552,0.7079589343751642
ADC,2025-05-11,1,svm,0.7058823529411765,0.6038689290935091
ADP,2025-05-11,1,svm,0.7777777777777778,0.6370314118080506
AGF,2025-05-11,1,lstm,0.7777777777777778,0.7791886329650879
AGM,2025-05-11,1,transformer,0.4285714285714285,0.696853756904602
AGR,2025-05-11,0,svm,0.3333333333333333,0.6389445844046401
ALT,2025-05-11,1,svm,0.6666666666666666,0.5899523378443344
ALV,2025-05-11,0,svm,0.3571428571428571,0.6526568995024217
AMC,2025-05-11,1,svm,0.7246376811594203,0.6415563059142989
AME,2025-05-11,0,lstm,0.7096774193548387,0.7226672172546387
AMV,2025-05-11,1,lstm,0.7945205479452054,0.5764064788818359
ANV,2025-05-11,1,svm,0.6666666666666666,0.5
APC,2025-05-11,0,svm,0.2666666666666666,0.4772976985364067
APG,2025-05-11,0,logistic_regression,0.5263157894736842,0.5733664250865287
API,2025-05-11,1,svm,0.6031746031746031,0.9702226036690793
APP,2025-05-11,1,svm,0.6666666666666666,0.579770243187596
APS,2025-05-11,1,svm,0.5306122448979592,0.5
ARM,2025-05-11,1,lstm,0.7945205479452054,0.8503949046134949
ASA,2025-05-11,1,lstm,0.9885057471264368,0.906386137008667
ASM,2025-05-11,0,svm,0.5660377358490566,0.47545066475524145
ASP,2025-05-11,1,transformer,0.5862068965517241,0.5356293320655823
ATA,2025-05-11,1,svm,0.8108108108108109,0.7265008539705208
AVF,2025-05-11,1,lstm,0.9885057471264368,0.7011209726333618
BBC,2025-05-11,1,svm,0.7428571428571429,0.5055440293163015
BBS,2025-05-11,1,svm,0.9397590361445785,0.5798350970188797
BCC,2025-05-11,1,lstm,0.6428571428571429,0.5383613705635071
BCE,2025-05-11,1,svm,0.6666666666666666,0.5
BDB,2025-05-11,1,lstm,0.9523809523809524,0.9776026606559753
BED,2025-05-11,1,lstm,0.9885057471264368,0.9530545473098755
BHC,2025-05-11,0,svm,0.7301587301587301,0.5589185022728814
BIC,2025-05-11,1,transformer,0.71875,0.5128932595252991
BKC,2025-05-11,1,svm,0.6865671641791045,0.5745258519615837
BLF,2025-05-11,1,svm,0.6666666666666666,0.5584594660343155
BMC,2025-05-11,1,logistic_regression,0.6538461538461539,0.9827617187654156
BMI,2025-05-11,1,svm,0.625,0.5626325375100081
BMJ,2025-05-11,1,lstm,0.7605633802816901,0.5672025680541992
BMP,2025-05-11,1,svm,0.6461538461538462,0.7879550171480939
BPC,2025-05-11,1,svm,0.8108108108108109,0.5476556682370788
BRC,2025-05-11,1,svm,0.7777777777777778,0.514776717585748
BSC,2025-05-11,1,lstm,0.9885057471264368,0.9575801491737366
BSI,2025-05-11,1,svm,0.7428571428571429,0.9857475187277245
BST,2025-05-11,0,svm,0.6666666666666666,0.7647751635837192
BT6,2025-05-11,1,lstm,0.9885057471264368,0.7682164311408997
BTG,2025-05-11,1,lstm,0.9135802469135802,0.7827375531196594
BTH,2025-05-11,1,transformer,0.6557377049180327,0.9626396894454956
BTP,2025-05-11,1,svm,0.631578947368421,0.515799209389481
BTS,2025-05-11,0,logistic_regression,0.7419354838709677,0.5147506056473151
BTT,2025-05-11,1,svm,0.8421052631578947,0.5421542293116592
BTW,2025-05-11,1,svm,0.7246376811594203,0.5726608040422271
BVG,2025-05-11,1,svm,0.9,0.6065899256757434
BVH,2025-05-11,1,transformer,0.6875,0.5384599566459656
BVN,2025-05-11,1,svm,0.6865671641791045,0.7475724018196392
BVS,2025-05-11,1,transformer,0.5116279069767442,0.5299243927001953
BWA,2025-05-11,1,svm,0.71875,0.7901866854911843
BXH,2025-05-11,1,lstm,0.6865671641791045,0.9795376658439636
C21,2025-05-11,0,logistic_regression,0.7540983606557377,0.5543740826055004
C32,2025-05-11,0,logistic_regression,0.358974358974359,0.8829101125228458
C47,2025-05-11,1,svm,0.6545454545454545,0.6618501170208668
C92,2025-05-11,1,svm,0.7777777777777778,0.8947460878722112
CAD,2025-05-11,1,lstm,0.8860759493670886,0.6209098696708679
CAN,2025-05-11,1,svm,0.8717948717948718,0.6561507702259393
CAP,2025-05-11,1,svm,0.5806451612903226,0.5100624732175385
CCI,2025-05-11,1,svm,0.7605633802816901,0.5417345082625058
CCL,2025-05-11,1,transformer,0.5416666666666666,0.5180115699768066
CCM,2025-05-11,1,svm,0.821917808219178,0.850012369218705
CDC,2025-05-11,1,svm,0.6031746031746031,0.5162642388552587
CHP,2025-05-11,1,lstm,0.7246376811594203,0.8235366940498352
CI5,2025-05-11,1,svm,0.7058823529411765,0.6250275437175634
CID,2025-05-11,1,svm,0.6666666666666666,0.9223252670054064
CIG,2025-05-11,0,logistic_regression,0.5909090909090909,0.9905130825592999
CII,2025-05-11,1,transformer,0.6333333333333333,0.6283836364746094
CJC,2025-05-11,1,lstm,0.9885057471264368,0.9709272980690002
CKV,2025-05-11,1,svm,0.8571428571428571,0.597821527579249
CLC,2025-05-11,1,svm,0.7945205479452054,0.5056927898511442
CLG,2025-05-11,1,transformer,0.9523809523809524,0.5123269557952881
CLW,2025-05-11,1,svm,0.8266666666666667,0.5795738697357986
CMC,2025-05-11,1,svm,0.4210526315789473,0.5251558710481852
CMG,2025-05-11,0,svm,0.6,0.6259851666899275
CMI,2025-05-11,1,lstm,0.8571428571428571,0.6252649426460266
CMS,2025-05-11,1,svm,0.1428571428571428,0.5
CMT,2025-05-11,1,transformer,0.3076923076923077,0.5195111632347107
CMV,2025-05-11,1,svm,0.7058823529411765,0.5977739078292639
CMX,2025-05-11,0,logistic_regression,0.3870967741935484,0.5046710991471394
CNG,2025-05-11,1,logistic_regression,0.631578947368421,0.6028391593097969
CNT,2025-05-11,1,svm,0.6031746031746031,0.5903023461830482
COM,2025-05-11,1,svm,0.7058823529411765,0.5289093391535403
CPC,2025-05-11,1,svm,0.7945205479452054,0.5094030858764859
CSC,2025-05-11,0,svm,0.425531914893617,0.5170371185217264
CSM,2025-05-11,1,lstm,0.6086956521739131,0.5831275582313538
CT3,2025-05-11,1,svm,0.8333333333333334,0.9572771021196705
CT6,2025-05-11,0,logistic_regression,0.3684210526315789,0.9525581050630785
CTA,2025-05-11,1,lstm,0.9885057471264368,0.8571549654006958
CTB,2025-05-11,1,svm,0.7058823529411765,0.5812787970793483
CTD,2025-05-11,1,svm,0.7058823529411765,0.5062543015302169
CTG,2025-05-11,0,transformer,0.5882352941176471,0.503032922744751
CTI,2025-05-11,1,svm,0.5238095238095238,0.531040480363486
CTN,2025-05-11,1,lstm,0.9885057471264368,0.6189113855361938
CTS,2025-05-11,1,lstm,0.6865671641791045,0.5219007134437561
CTX,2025-05-11,1,svm,0.9885057471264368,0.5343296353744621
CVN,2025-05-11,1,svm,0.926829268292683,0.5469882991902524
CVT,2025-05-11,0,logistic_regression,0.7761194029850746,0.5014545995302881
CX8,2025-05-11,1,svm,0.746268656716418,0.8389816409024528
CYC,2025-05-11,1,svm,0.926829268292683,0.558946774133594
D11,2025-05-11,0,lstm,0.6666666666666666,0.5197339057922363
D2D,2025-05-11,1,svm,0.4117647058823529,0.5
DAC,2025-05-11,1,lstm,0.7945205479452054,0.9137816429138184
DAD,2025-05-11,1,svm,0.7428571428571429,0.5120393750085617
DAE,2025-05-11,1,transformer,0.8108108108108109,0.7954632639884949
DAG,2025-05-11,1,lstm,0.9135802469135802,0.5669859647750854
DBC,2025-05-11,1,svm,0.5862068965517241,0.891356416701853
DBM,2025-05-11,1,svm,0.7605633802816901,0.6912798427011425
DBT,2025-05-11,0,logistic_regression,0.1739130434782608,0.7865293470836205
DC2,2025-05-11,1,svm,0.7605633802816901,0.5472840878928941
DC4,2025-05-11,1,svm,0.7246376811594203,0.5370190651636348
DCL,2025-05-11,1,logistic_regression,0.696969696969697,0.5809591626262187
DCS,2025-05-11,1,svm,0.8717948717948718,0.5968577326691984
DCT,2025-05-11,1,lstm,0.8571428571428571,0.80389404296875
DDM,2025-05-11,1,svm,0.7777777777777778,0.6805848902622803
DDN,2025-05-11,1,svm,0.8108108108108109,0.6483229206082495
DGT,2025-05-11,1,svm,0.6461538461538462,0.6835564174715852
DHA,2025-05-11,0,svm,0.24,0.5956531161007272
DHC,2025-05-11,1,svm,0.5964912280701754,0.6339065091091506
DHG,2025-05-11,1,svm,0.4375,0.7160159746829986
DHM,2025-05-11,1,logistic_regression,0.5641025641025641,0.8228886022272932
DHT,2025-05-11,0,logistic_regression,0.1481481481481481,0.9843748113039602
DIC,2025-05-11,0,logistic_regression,0.7540983606557377,0.6400159620544872
DID,2025-05-11,1,lstm,0.7419354838709677,0.5337129235267639
DIG,2025-05-11,1,lstm,0.6229508196721312,0.6214627027511597
DIH,2025-05-11,1,transformer,0.5,0.5185151696205139
DL1,2025-05-11,1,logistic_regression,0.6229508196721312,0.9663155106401805
DLD,2025-05-11,1,lstm,0.9,0.9854925274848938
DLG,2025-05-11,1,lstm,0.6274509803921569,0.5057336688041687
DLR,2025-05-11,1,transformer,0.9647058823529412,0.9473453760147095
DMC,2025-05-11,0,lstm,0.56,0.6106534600257874
DNC,2025-05-11,1,svm,0.8266666666666667,0.9253460919549658
DNL,2025-05-11,1,svm,0.9135802469135802,0.6452876612035964
DNM,2025-05-11,1,svm,0.7428571428571429,0.5428612228697344
DNP,2025-05-11,1,svm,0.625,0.5514316078698779
DNT,2025-05-11,1,lstm,0.9,0.8485906720161438
DPC,2025-05-11,1,svm,0.8974358974358975,0.6932452701256846
DPM,2025-05-11,1,lstm,0.6875,0.5055131316184998
DPP,2025-05-11,1,svm,0.9647058823529412,0.7740448526101673
DPR,2025-05-11,0,logistic_regression,0.7142857142857143,0.9950842740007833
DQC,2025-05-11,1,lstm,0.4827586206896552,0.5203597545623779
DRC,2025-05-11,1,logistic_regression,0.1052631578947368,0.5480580328557019
DRH,2025-05-11,1,svm,0.8421052631578947,0.5086366071511172
DRL,2025-05-11,1,lstm,0.6031746031746031,0.668925940990448
DSN,2025-05-11,0,logistic_regression,0.2142857142857142,0.72465555750566
DST,2025-05-11,1,lstm,0.7777777777777778,0.5974607467651367
DTA,2025-05-11,0,transformer,0.6341463414634146,0.5351946949958801
DTC,2025-05-11,1,lstm,0.6666666666666666,0.7169584631919861
DTL,2025-05-11,1,svm,0.7246376811594203,0.5624618638532031
DTT,2025-05-11,1,svm,0.7605633802816901,0.6595611468534675
DVP,2025-05-11,1,logistic_regression,0.6415094339622641,0.9357759994653698
DXG,2025-05-11,1,svm,0.8064516129032258,0.5074365015360145
DXL,2025-05-11,1,lstm,0.8717948717948718,0.5209144353866577
DXP,2025-05-11,1,logistic_regression,0.6349206349206349,0.5257452429704539
DXV,2025-05-11,0,transformer,0.6222222222222222,0.5317723155021667
DZM,2025-05-11,1,lstm,0.9885057471264368,0.6161114573478699
EBS,2025-05-11,1,svm,0.676923076923077,0.9814424529789976
ECI,2025-05-11,1,svm,0.926829268292683,0.9242880418411122
EFI,2025-05-11,0,lstm,0.7887323943661971,0.5295401811599731
EIB,2025-05-11,1,lstm,0.7058823529411765,0.7975274920463562
EID,2025-05-11,1,svm,0.7058823529411765,0.5
ELC,2025-05-11,1,svm,0.5964912280701754,0.7520256820179194
EVE,2025-05-11,0,transformer,0.48,0.5302339792251587
FBA,2025-05-11,1,lstm,0.9885057471264368,0.9934051632881165
FCN,2025-05-11,1,svm,0.576271186440678,0.5058382737447823
FDC,2025-05-11,1,transformer,0.8421052631578947,0.5933310389518738
FLC,2025-05-11,1,lstm,0.9885057471264368,0.6134158968925476
FMC,2025-05-11,1,lstm,0.6666666666666666,0.5644478797912598
FPT,2025-05-11,1,lstm,0.6666666666666666,0.6462640762329102
GAS,2025-05-11,1,logistic_regression,0.6153846153846154,0.7889775648969038
GDT,2025-05-11,1,logistic_regression,0.45,0.996656618813331
GDW,2025-05-11,1,svm,0.7246376811594203,0.6265984555977667
GER,2025-05-11,1,lstm,0.9397590361445785,0.9513466954231262
GGG,2025-05-11,1,svm,0.6666666666666666,0.7087403431378652
GHC,2025-05-11,1,logistic_regression,0.6557377049180327,0.9652857457331968
GIL,2025-05-11,0,logistic_regression,0.4390243902439024,0.7642643021619953
GLT,2025-05-11,0,logistic_regression,0.6666666666666666,0.5696129751137229
GMC,2025-05-11,1,lstm,0.65625,0.5873040556907654
GMD,2025-05-11,1,svm,0.6046511627906976,0.8493448395534631
GMX,2025-05-11,1,svm,0.7058823529411765,0.6904395049804183
GSP,2025-05-11,0,svm,0.56,0.49462301536872205
GTA,2025-05-11,0,logistic_regression,0.3902439024390244,0.5020238805753694
GTT,2025-05-11,1,lstm,0.9885057471264368,0.7024727463722229
H11,2025-05-11,1,svm,0.8108108108108109,0.9331622695091364
HAD,2025-05-11,1,svm,0.7945205479452054,0.5604127431041817
HAG,2025-05-11,0,svm,0.6956521739130435,0.4149811989865959
HAI,2025-05-11,0,lstm,0.0,0.5011944770812988
HAP,2025-05-11,0,svm,0.4761904761904761,0.5
HAS,2025-05-11,1,transformer,0.631578947368421,0.6025465726852417
HAT,2025-05-11,1,transformer,0.7761194029850746,0.5370385646820068
HAX,2025-05-11,1,svm,0.6666666666666666,0.5405129714730937
HBC,2025-05-11,0,lstm,0.7333333333333333,0.5147709250450134
HBD,2025-05-11,1,lstm,0.9135802469135802,0.8903675079345703
HBS,2025-05-11,1,svm,0.6666666666666666,0.5835463290994592
HCC,2025-05-11,1,svm,0.7777777777777778,0.5
HCI,2025-05-11,1,lstm,0.9885057471264368,0.9168062806129456
HCM,2025-05-11,1,svm,0.7246376811594203,0.6184571944679479
HCT,2025-05-11,1,svm,0.9397590361445785,0.6650084949670031
HDA,2025-05-11,1,lstm,0.7164179104477612,0.5104241371154785
HDC,2025-05-11,1,lstm,0.6666666666666666,0.5273541212081909
HDG,2025-05-11,1,transformer,0.6461538461538462,0.5509193539619446
HDM,2025-05-11,1,svm,0.7428571428571429,0.5925115271802617
HDO,2025-05-11,1,lstm,0.9885057471264368,0.9661693572998047
HEV,2025-05-11,1,lstm,0.9767441860465116,0.9898832440376282
HFC,2025-05-11,1,svm,0.7761194029850746,0.9171605407492338
HFX,2025-05-11,1,lstm,0.9,0.9703114032745361
HGM,2025-05-11,1,lstm,0.8108108108108109,0.8317312002182007
HHC,2025-05-11,1,transformer,0.9090909090909092,0.7369967103004456
HHG,2025-05-11,1,lstm,0.7428571428571429,0.6385392546653748
HHS,2025-05-11,1,transformer,0.6923076923076923,0.5021756887435913
HIG,2025-05-11,1,svm,0.7605633802816901,0.6110285818937341
HJS,2025-05-11,1,svm,0.5806451612903226,0.5666751528279411
HLA,2025-05-11,1,lstm,0.9885057471264368,0.7914769053459167
HLC,2025-05-11,1,svm,0.6865671641791045,0.6062604895301796
HLY,2025-05-11,1,transformer,0.88,0.5967918634414673
HMC,2025-05-11,1,svm,0.4878048780487805,0.6230326384171626
HMH,2025-05-11,1,svm,0.7945205479452054,0.5322477977030476
HNM,2025-05-11,1,svm,0.4545454545454545,0.5689843785381314
HOM,2025-05-11,1,transformer,0.6875,0.5161818861961365
HOT,2025-05-11,1,svm,0.8717948717948718,0.5782254660108223
HPB,2025-05-11,1,svm,0.9523809523809524,0.6958827475168254
HPG,2025-05-11,1,svm,0.5862068965517241,0.5207042643269209
HPP,2025-05-11,1,svm,0.6865671641791045,0.6155777628125341
HPT,2025-05-11,1,svm,0.7246376811594203,0.7302212295291068
HQC,2025-05-11,1,svm,0.6538461538461539,0.4874823115554395
HRC,2025-05-11,1,svm,0.7428571428571429,0.5360899872943681
HSG,2025-05-11,1,transformer,0.5172413793103449,0.5324133634567261
HSI,2025-05-11,1,lstm,0.8266666666666667,0.5504388213157654
HT1,2025-05-11,0,svm,0.4615384615384615,0.5205997892781025
HTC,2025-05-11,1,svm,0.7605633802816901,0.5856904361714661
HTI,2025-05-11,1,svm,0.5652173913043478,0.5351166807386479
HTL,2025-05-11,1,svm,0.7605633802816901,0.5276744905403868
HTP,2025-05-11,1,svm,0.5901639344262295,0.9275475305913715
HTV,2025-05-11,0,svm,0.7213114754098361,0.5169082515523041
HU1,2025-05-11,1,svm,0.5806451612903226,0.5360314652102911
HU3,2025-05-11,1,svm,0.7058823529411765,0.5152702204129219
HUT,2025-05-11,0,svm,0.2666666666666666,0.6212905950152581
HVG,2025-05-11,1,transformer,0.9885057471264368,0.62834632396698
HVT,2025-05-11,1,logistic_regression,0.6666666666666666,0.9999999997965563
HVX,2025-05-11,1,svm,0.6461538461538462,0.5227258081889339
ICF,2025-05-11,0,svm,0.5862068965517241,0.5
ICG,2025-05-11,1,svm,0.7058823529411765,0.5065835522563429
ICI,2025-05-11,1,svm,0.6451612903225806,0.9625174502323669
IDI,2025-05-11,1,lstm,0.6031746031746031,0.5447667241096497
IDJ,2025-05-11,1,lstm,0.625,0.5419287085533142
IDV,2025-05-11,1,svm,0.5806451612903226,0.5102917552708668
IFS,2025-05-11,0,lstm,0.0,0.7700917720794678
IHK,2025-05-11,1,svm,0.9,0.8908433570983484
IJC,2025-05-11,1,svm,0.696969696969697,0.5
ILC,2025-05-11,1,svm,0.625,0.6123506889696211
IME,2025-05-11,1,lstm,0.9767441860465116,0.9993694424629211
IMP,2025-05-11,0,svm,0.5,0.8769869414678589
IN4,2025-05-11,1,logistic_regression,0.7536231884057971,0.9854354068033706
INC,2025-05-11,1,svm,0.9397590361445785,0.5980200150858892
INN,2025-05-11,1,svm,0.7428571428571429,0.5
ITA,2025-05-11,1,svm,0.8421052631578947,0.5074474720508132
ITC,2025-05-11,0,transformer,0.6666666666666666,0.5004258751869202
ITD,2025-05-11,0,transformer,0.5416666666666666,0.5068739056587219
ITQ,2025-05-11,1,svm,0.6865671641791045,0.5917169314058884
IVS,2025-05-11,1,transformer,0.6181818181818182,0.5376149415969849
JVC,2025-05-11,0,logistic_regression,0.6785714285714286,0.5127523970052561
KAC,2025-05-11,1,lstm,0.9885057471264368,0.9653973579406738
KBC,2025-05-11,0,transformer,0.4848484848484848,0.5431793928146362
KCE,2025-05-11,1,svm,0.7605633802816901,0.8633110551726739
KDC,2025-05-11,1,logistic_regression,0.4390243902439024,0.6290054981515248
KDH,2025-05-11,1,lstm,0.6666666666666666,0.6519075632095337
KHL,2025-05-11,1,lstm,0.9885057471264368,0.8799024224281311
KHP,2025-05-11,1,transformer,0.5454545454545454,0.5183467268943787
KKC,2025-05-11,1,lstm,0.7246376811594203,0.5426895022392273
KMR,2025-05-11,0,logistic_regression,0.4242424242424242,0.5847406217872839
KMT,2025-05-11,1,svm,0.9523809523809524,0.9071961244972422
KSB,2025-05-11,0,lstm,0.3333333333333333,0.6561568379402161
KSD,2025-05-11,1,svm,0.7605633802816901,0.5516419272307705
KSH,2025-05-11,1,lstm,0.9885057471264368,0.6532043218612671
KST,2025-05-11,0,svm,0.6206896551724138,0.9482048410357149
KTS,2025-05-11,1,logistic_regression,0.6865671641791045,0.9595891588110148
KTT,2025-05-11,1,lstm,0.9090909090909092,0.6867364645004272
L10,2025-05-11,1,svm,0.7428571428571429,0.5363242699909181
L14,2025-05-11,1,lstm,0.6829268292682927,0.5118622183799744
L18,2025-05-11,1,logistic_regression,0.45,0.7067255031438571
L35,2025-05-11,1,svm,0.7605633802816901,0.5810234023444305
L43,2025-05-11,0,logistic_regression,0.3902439024390244,0.9644428487489833
L44,2025-05-11,1,svm,0.8571428571428571,0.6203340493214489
L61,2025-05-11,1,svm,0.7887323943661971,0.5795049505804586
L62,2025-05-11,1,transformer,0.7352941176470589,0.5709720849990845
LAF,2025-05-11,1,svm,0.6666666666666666,0.5553647614978569
LAS,2025-05-11,0,svm,0.6086956521739131,0.5176046642225139
LBE,2025-05-11,1,svm,0.8421052631578947,0.8634191616816013
LBM,2025-05-11,1,logistic_regression,0.6274509803921569,0.9999435864352534
LCC,2025-05-11,1,logistic_regression,0.8918918918918919,0.8772584247072907
LCD,2025-05-11,1,lstm,0.9767441860465116,0.7365875244140625
LCG,2025-05-11,0,logistic_regression,0.3870967741935484,0.9312364374351316
LCM,2025-05-11,0,lstm,0.6206896551724138,0.5024747252464294
LCS,2025-05-11,1,lstm,0.9,0.7671166658401489
LDP,2025-05-11,0,lstm,0.5405405405405406,0.5200190544128418
LGC,2025-05-11,0,transformer,0.868421052631579,0.5377763509750366
LGL,2025-05-11,0,logistic_regression,0.6545454545454545,0.5584568176323831
LHC,2025-05-11,0,logistic_regression,0.2068965517241379,0.9606634063289924
LHG,2025-05-11,1,lstm,0.6031746031746031,0.6644237637519836
LIG,2025-05-11,1,logistic_regression,0.75,0.9896188305055595
LIX,2025-05-11,1,logistic_regression,0.4615384615384615,0.7954591568330942
LKW,2025-05-11,1,transformer,0.8421052631578947,0.8679056167602539
LM3,2025-05-11,1,logistic_regression,0.9647058823529412,0.6639999422753736
LM7,2025-05-11,1,lstm,0.8571428571428571,0.6454001665115356
LM8,2025-05-11,1,transformer,0.7164179104477612,0.5167863368988037
LO5,2025-05-11,1,svm,0.8571428571428571,0.5921331827544604
LSS,2025-05-11,1,transformer,0.6086956521739131,0.5197107195854187
LTC,2025-05-11,1,svm,0.7428571428571429,0.6013732347816954
LUT,2025-05-11,1,lstm,0.8717948717948718,0.9605804681777954
MAC,2025-05-11,1,transformer,0.6875,0.5557733774185181
MAS,2025-05-11,1,svm,0.7428571428571429,0.526382903565979
MBB,2025-05-11,0,logistic_regression,0.5365853658536586,0.9830461661357488
MCC,2025-05-11,1,svm,0.9647058823529412,0.9662967510790293
MCF,2025-05-11,1,svm,0.7428571428571429,0.5438333948931311
MCG,2025-05-11,1,lstm,0.7692307692307693,0.5281078815460205
MCO,2025-05-11,1,svm,0.5573770491803278,0.5757870937762676
MCP,2025-05-11,1,svm,0.7246376811594203,0.5342806589351379
MDC,2025-05-11,1,svm,0.7777777777777778,0.5589789999829572
MDF,2025-05-11,1,svm,0.7246376811594203,0.6147321447105696
MDG,2025-05-11,1,svm,0.8717948717948718,0.5262056637969708
MEC,2025-05-11,1,svm,0.6865671641791045,0.5715452983334491
MEF,2025-05-11,1,lstm,0.9885057471264368,0.9750596880912781
MHC,2025-05-11,1,svm,0.5573770491803278,0.5100033342743695
MHL,2025-05-11,1,lstm,0.9885057471264368,0.7324761152267456
MIC,2025-05-11,1,svm,0.6129032258064516,0.5930425991236341
MIM,2025-05-11,1,lstm,0.9885057471264368,0.6245017051696777
MKV,2025-05-11,1,transformer,0.7428571428571429,0.6235361695289612
MPC,2025-05-11,1,svm,0.4827586206896552,0.5485059721840047
MSN,2025-05-11,1,lstm,0.6666666666666666,0.541465699672699
MTC,2025-05-11,1,lstm,0.9523809523809524,0.9656438231468201
MTG,2025-05-11,1,svm,0.7246376811594203,0.6366198208845427
MTH,2025-05-11,1,svm,0.9135802469135802,0.6457273736198418
MTP,2025-05-11,1,svm,0.8571428571428571,0.6954568944534492
NAG,2025-05-11,1,svm,0.7246376811594203,0.5185283339800617
NAV,2025-05-11,1,lstm,0.7428571428571429,0.9632879495620728
NBB,2025-05-11,1,svm,0.6349206349206349,0.4849238461958881
NBC,2025-05-11,1,svm,0.35,0.4926459896246603
NBP,2025-05-11,1,svm,0.7428571428571429,0.6001438939835219
NBW,2025-05-11,1,svm,0.7428571428571429,0.6234138496781172
ND2,2025-05-11,1,svm,0.7777777777777778,0.6481696718748743
NDC,2025-05-11,1,svm,0.7428571428571429,0.6336673425527324
NDN,2025-05-11,0,transformer,0.5,0.5292103290557861
NET,2025-05-11,1,transformer,0.5,0.5341799259185791
NGC,2025-05-11,1,svm,0.9767441860465116,0.6528561702118812
NHA,2025-05-11,0,logistic_regression,0.2142857142857142,0.7619066679457012
NHC,2025-05-11,1,lstm,0.8421052631578947,0.5639818906784058
NKG,2025-05-11,1,lstm,0.5573770491803278,0.6500649452209473
NNC,2025-05-11,0,transformer,0.68,0.6988348960876465
NNT,2025-05-11,0,svm,0.2105263157894736,0.9999998999999902
NOS,2025-05-11,1,svm,0.7605633802816901,0.6120822099727407
NSC,2025-05-11,0,logistic_regression,0.7317073170731707,0.8326924289560983
NST,2025-05-11,1,svm,0.7058823529411765,0.5618573682128677
NT2,2025-05-11,1,svm,0.625,0.5053361057610298
NTB,2025-05-11,1,lstm,0.9885057471264368,0.7178554534912109
NTL,2025-05-11,1,logistic_regression,0.6779661016949152,0.662118771703148
NTP,2025-05-11,1,logistic_regression,0.3684210526315789,0.9991254731640715
NTW,2025-05-11,1,svm,0.7945205479452054,0.5610927790885855
NVB,2025-05-11,0,lstm,0.7142857142857143,0.5587676763534546
NVT,2025-05-11,1,lstm,0.5818181818181818,0.514255166053772
OCH,2025-05-11,1,logistic_regression,0.7096774193548387,0.5173046669623591
OGC,2025-05-11,0,transformer,0.5,0.5043944120407104
ONE,2025-05-11,1,svm,0.6865671641791045,0.5328253937490776
OPC,2025-05-11,0,svm,0.6521739130434783,0.5576979905979912
ORS,2025-05-11,1,svm,0.6031746031746031,0.5306767812459625
PAC,2025-05-11,1,logistic_regression,0.5614035087719298,0.8918309564821079
PAN,2025-05-11,1,logistic_regression,0.5957446808510638,0.5302917784584221
PCG,2025-05-11,1,transformer,0.6,0.5503167510032654
PCT,2025-05-11,1,svm,0.7246376811594203,0.5689105074912705
PDC,2025-05-11,1,svm,0.7058823529411765,0.5832734500997461
PDN,2025-05-11,1,svm,0.4347826086956521,0.9767415162059894
PDR,2025-05-11,1,logistic_regression,0.6101694915254238,0.9960999980900237
PEC,2025-05-11,1,logistic_regression,0.9761904761904762,0.9982069865053989
PET,2025-05-11,1,transformer,0.625,0.6027316451072693
PFL,2025-05-11,1,svm,0.7777777777777778,0.7152132518787265
PGC,2025-05-11,1,transformer,0.7605633802816901,0.8829014301300049
PGD,2025-05-11,1,svm,0.6101694915254238,0.5
PGI,2025-05-11,1,svm,0.6461538461538462,0.5
PGS,2025-05-11,0,svm,0.6666666666666666,0.5112670677087692
PGT,2025-05-11,1,svm,0.7777777777777778,0.5605583088109323
PHC,2025-05-11,1,svm,0.6031746031746031,0.510176497400176
PHH,2025-05-11,1,svm,0.9647058823529412,0.5738254183336231
PHR,2025-05-11,1,lstm,0.6461538461538462,0.5068750381469727
PHS,2025-05-11,1,svm,0.8571428571428571,0.6131151603501341
PID,2025-05-11,1,lstm,0.9885057471264368,0.8781288862228394
PIT,2025-05-11,1,svm,0.625,0.5299087971093718
PIV,2025-05-11,1,svm,0.625,0.5218843364206401
PJC,2025-05-11,1,svm,0.7428571428571429,0.6159575736244804
PJS,2025-05-11,1,svm,0.9,0.6143609321160847
PJT,2025-05-11,1,svm,0.7246376811594203,0.5157913942811756
PLC,2025-05-11,1,svm,0.625,0.5112827230401145
PMC,2025-05-11,1,lstm,0.4347826086956521,0.551570475101471
PMS,2025-05-11,1,lstm,0.7428571428571429,0.5612891912460327
PMT,2025-05-11,1,svm,0.9,0.6708263685477298
PNC,2025-05-11,0,svm,0.6122448979591837,0.5
PNJ,2025-05-11,1,svm,0.4285714285714285,0.5369263982433019
POM,2025-05-11,0,logistic_regression,0.5384615384615384,0.5967438647107269
POT,2025-05-11,1,svm,0.7058823529411765,0.5095419812868182
POV,2025-05-11,1,svm,0.7246376811594203,0.6371652877080219
PPC,2025-05-11,1,svm,0.5957446808510638,0.5176720358527811
PPE,2025-05-11,0,logistic_regression,0.7575757575757576,0.7258039023387441
PPI,2025-05-11,1,svm,0.9885057471264368,0.532749573992287
PPP,2025-05-11,1,svm,0.7246376811594203,0.5853295822845669
PPS,2025-05-11,1,lstm,0.7246376811594203,0.637262761592865
PRC,2025-05-11,1,svm,0.6865671641791045,0.985001314811711
PSB,2025-05-11,0,svm,0.2608695652173913,0.5281449206029656
PSC,2025-05-11,1,svm,0.7605633802816901,0.6133762733394228
PSG,2025-05-11,1,lstm,0.9885057471264368,0.5491651296615601
PSI,2025-05-11,1,svm,0.7246376811594203,0.5390597754110957
PSL,2025-05-11,0,logistic_regression,0.5128205128205128,0.7357737321229618
PSP,2025-05-11,1,svm,0.7605633802816901,0.5528396977310333
PTB,2025-05-11,1,svm,0.5333333333333333,0.5163190390173477
PTC,2025-05-11,0,transformer,0.5957446808510638,0.5696067214012146
PTD,2025-05-11,1,svm,0.71875,0.9843993383494105
PTG,2025-05-11,1,lstm,0.9885057471264368,0.9999210834503174
PTH,2025-05-11,1,lstm,0.9647058823529412,0.9053866267204285
PTI,2025-05-11,1,lstm,0.7246376811594203,0.6521902680397034
PTL,2025-05-11,1,transformer,0.5806451612903226,0.5670326352119446
PTP,2025-05-11,0,svm,0.6440677966101694,0.5862446365329431
PTS,2025-05-11,1,transformer,0.7536231884057971,0.6372635364532471
PTT,2025-05-11,1,svm,0.8108108108108109,0.6450293309463249
PV2,2025-05-11,1,svm,0.8108108108108109,0.5706170526505113
PVA,2025-05-11,1,svm,0.9885057471264368,0.6855005827667878
PVC,2025-05-11,0,logistic_regression,0.6181818181818182,0.5304327041768805
PVD,2025-05-11,1,transformer,0.6296296296296297,0.5116396546363831
PVE,2025-05-11,1,lstm,0.7605633802816901,0.6368875503540039
PVG,2025-05-11,1,logistic_regression,0.5833333333333334,0.5009417756235826
PVI,2025-05-11,0,svm,0.6521739130434783,0.7595712548224867
PVL,2025-05-11,1,svm,0.8108108108108109,0.6182508099135058
PVR,2025-05-11,1,lstm,0.8860759493670886,0.7466614842414856
PVS,2025-05-11,1,svm,0.625,0.5089608477381097
PVT,2025-05-11,1,transformer,0.32,0.5067540407180786
PVV,2025-05-11,1,lstm,0.8,0.5155372023582458
PVX,2025-05-11,1,lstm,0.7777777777777778,0.6240361928939819
PX1,2025-05-11,1,lstm,0.9885057471264368,0.9896615743637085
PXA,2025-05-11,1,lstm,0.7945205479452054,0.640604555606842
PXI,2025-05-11,1,logistic_regression,0.7164179104477612,0.8795405564395237
PXL,2025-05-11,1,svm,0.625,0.5300051972129087
PXM,2025-05-11,1,lstm,0.8571428571428571,0.5463224053382874
PXS,2025-05-11,0,transformer,0.4651162790697674,0.5356019139289856
PXT,2025-05-11,0,transformer,0.4761904761904761,0.5214279294013977
QCC,2025-05-11,1,svm,0.8860759493670886,0.6854167521732404
QCG,2025-05-11,1,lstm,0.6666666666666666,0.5132569074630737
QNC,2025-05-11,1,svm,0.6865671641791045,0.556978005634915
QST,2025-05-11,1,transformer,0.9382716049382716,0.6687010526657104
QTC,2025-05-11,1,svm,0.8421052631578947,0.5395629078359946
RAL,2025-05-11,0,logistic_regression,0.6206896551724138,0.8726951158055616
RCL,2025-05-11,0,transformer,0.7761194029850746,0.5150569081306458
REE,2025-05-11,0,svm,0.5106382978723404,0.6382069498818198
RIC,2025-05-11,1,lstm,0.7945205479452054,0.6271106600761414
S12,2025-05-11,1,svm,0.926829268292683,0.7268434689938468
S27,2025-05-11,1,lstm,0.9885057471264368,0.9587321281433105
S55,2025-05-11,1,svm,0.926829268292683,0.5067131197436711
S74,2025-05-11,1,svm,0.8571428571428571,0.6157080993244339
S96,2025-05-11,1,lstm,0.9885057471264368,0.8057582974433899
S99,2025-05-11,0,svm,0.6545454545454545,0.5296548471277975
SAF,2025-05-11,1,svm,0.7945205479452054,0.5940543915436669
SAM,2025-05-11,0,transformer,0.5263157894736842,0.5333853363990784
SAP,2025-05-11,1,svm,0.9135802469135802,0.9733783094364009
SAV,2025-05-11,0,lstm,0.5818181818181818,0.5005809664726257
SBA,2025-05-11,1,lstm,0.6666666666666666,0.797230064868927
SBS,2025-05-11,0,svm,0.4864864864864865,0.5
SBT,2025-05-11,1,svm,0.7692307692307693,0.5365973631294455
SC5,2025-05-11,0,logistic_regression,0.6440677966101694,0.6045220196188215
SCC,2025-05-11,1,lstm,0.9,0.6217696666717529
SCD,2025-05-11,1,lstm,0.8378378378378378,0.5486775636672974
SCJ,2025-05-11,1,svm,0.7945205479452054,0.615489345184485
SCL,2025-05-11,1,logistic_regression,0.5116279069767442,0.6478629198711535
SCO,2025-05-11,1,logistic_regression,0.9397590361445785,0.8391964614495222
SCR,2025-05-11,1,lstm,0.6779661016949152,0.5023072361946106
SD1,2025-05-11,1,lstm,0.9885057471264368,0.8814074993133545
SD2,2025-05-11,1,lstm,0.7384615384615385,0.5340966582298279
SD4,2025-05-11,1,svm,0.7605633802816901,0.544051369536924
SD5,2025-05-11,1,svm,0.7037037037037037,0.5
SD6,2025-05-11,1,lstm,0.7714285714285715,0.809904932975769
SD7,2025-05-11,1,lstm,0.9135802469135802,0.5684297680854797
SD8,2025-05-11,0,logistic_regression,0.4,0.5699128237042776
SD9,2025-05-11,1,svm,0.6923076923076923,0.45657742917862504
SDA,2025-05-11,1,svm,0.6461538461538462,0.5679255079097588
SDB,2025-05-11,1,lstm,0.9885057471264368,0.9602971076965332
SDC,2025-05-11,0,svm,0.4897959183673469,0.8706592126486769
SDD,2025-05-11,1,lstm,0.7605633802816901,0.7460275888442993
SDG,2025-05-11,1,svm,0.8860759493670886,0.7297817678534302
SDJ,2025-05-11,1,lstm,0.9885057471264368,0.6877221465110779
SDK,2025-05-11,1,svm,0.6865671641791045,0.6569117304384579
SDN,2025-05-11,1,svm,0.7246376811594203,0.6463811003006716
SDP,2025-05-11,1,lstm,0.8421052631578947,0.8484176993370056
SDT,2025-05-11,1,svm,0.7058823529411765,0.5206169962695635
SDU,2025-05-11,1,svm,0.8860759493670886,0.6782068141470383
SDV,2025-05-11,1,logistic_regression,0.7887323943661971,0.999999745888944
SDY,2025-05-11,1,svm,0.8108108108108109,0.9663992889105361
SEB,2025-05-11,1,svm,0.7246376811594203,0.587877046135937
SED,2025-05-11,1,svm,0.7246376811594203,0.5069118438061289
SFC,2025-05-11,1,lstm,0.72,0.6083475947380066
SFI,2025-05-11,1,logistic_regression,0.6181818181818182,0.7843227153721881
SFN,2025-05-11,1,svm,0.6865671641791045,0.6069058102279096
SGC,2025-05-11,1,svm,0.6865671641791045,0.5729069810483921
SGD,2025-05-11,1,transformer,0.8533333333333334,0.5219737887382507
SGH,2025-05-11,1,svm,0.8108108108108109,0.5605813864688477
SGS,2025-05-11,1,svm,0.7058823529411765,0.6473222253085978
SGT,2025-05-11,1,svm,0.6666666666666666,0.5225133903733058
SHB,2025-05-11,0,logistic_regression,0.4615384615384615,0.840411346549045
SHC,2025-05-11,1,svm,0.6666666666666666,0.6050691394679886
SHI,2025-05-11,1,transformer,0.6865671641791045,0.5740660429000854
SHN,2025-05-11,1,lstm,0.6461538461538462,0.5261843800544739
SHP,2025-05-11,1,lstm,0.7076923076923077,0.5113108158111572
SHS,2025-05-11,1,transformer,0.6666666666666666,0.5798742175102234
SII,2025-05-11,1,svm,0.7428571428571429,0.5181567606475538
SJ1,2025-05-11,1,svm,0.6865671641791045,0.6261798942901793
SJC,2025-05-11,1,svm,0.9397590361445785,0.5453883728625805
SJD,2025-05-11,0,logistic_regression,0.6,0.8715717732801974
SJE,2025-05-11,1,svm,0.6031746031746031,0.5768128064758922
SJM,2025-05-11,1,svm,0.6461538461538462,0.6427984023366232
SJS,2025-05-11,1,lstm,0.7428571428571429,0.5158960223197937
SLS,2025-05-11,1,logistic_regression,0.5660377358490566,0.905008558709318
SMA,2025-05-11,1,logistic_regression,0.7058823529411765,0.7952061963249227
SMB,2025-05-11,1,svm,0.7428571428571429,0.5074613418781434
SMC,2025-05-11,1,lstm,0.5573770491803278,0.6660545468330383
SMT,2025-05-11,1,svm,0.7246376811594203,0.5781645370700799
SPC,2025-05-11,1,svm,0.8717948717948718,0.7936835625856788
SPD,2025-05-11,1,logistic_regression,0.9647058823529412,0.9502180502550287
SPI,2025-05-11,1,transformer,0.7575757575757576,0.5840036273002625
SPM,2025-05-11,1,logistic_regression,0.711864406779661,0.6264357918620002
SQC,2025-05-11,1,lstm,0.9397590361445785,0.6316505074501038
SRA,2025-05-11,0,logistic_regression,0.1714285714285714,0.5315396459599584
SRB,2025-05-11,1,svm,0.7246376811594203,0.6002029310766414
SRC,2025-05-11,0,transformer,0.1481481481481481,0.560347855091095
SRF,2025-05-11,0,logistic_regression,0.5384615384615384,0.7853534704557001
SSC,2025-05-11,1,transformer,0.746268656716418,0.5381255745887756
SSF,2025-05-11,1,lstm,0.9885057471264368,0.764659583568573
SSG,2025-05-11,1,svm,0.7428571428571429,0.9139422380234616
SSI,2025-05-11,0,lstm,0.0,0.5584990978240967
SSM,2025-05-11,1,lstm,0.7777777777777778,0.767673671245575
ST8,2025-05-11,0,lstm,0.0,0.6185715198516846
STB,2025-05-11,0,lstm,0.0,0.9792273640632629
STC,2025-05-11,0,logistic_regression,0.8059701492537313,0.7656829205115799
STG,2025-05-11,1,svm,0.6461538461538462,0.5332632722123402
STL,2025-05-11,1,lstm,0.9885057471264368,0.5688257217407227
STP,2025-05-11,1,svm,0.7605633802816901,0.5811385412539135
STS,2025-05-11,1,lstm,0.9885057471264368,0.950343906879425
STT,2025-05-11,1,svm,0.8266666666666667,0.6354005337073115
SVC,2025-05-11,1,logistic_regression,0.3448275862068966,0.8620621954381295
SVI,2025-05-11,1,svm,0.8421052631578947,0.5206289829865449
SVN,2025-05-11,1,svm,0.6440677966101694,0.7196905369193354
SVT,2025-05-11,0,transformer,0.1333333333333333,0.5102106928825378
SWC,2025-05-11,1,svm,0.6666666666666666,0.5316755255948433
SZL,2025-05-11,1,logistic_regression,0.5,0.5860423108012869
TBC,2025-05-11,1,lstm,0.6865671641791045,0.8369677662849426
TBT,2025-05-11,1,lstm,0.9885057471264368,0.9719270467758179
TBX,2025-05-11,1,lstm,0.9767441860465116,0.9997864365577698
TCL,2025-05-11,1,transformer,0.4761904761904761,0.5262190699577332
TCM,2025-05-11,1,lstm,0.4827586206896552,0.5860538482666016
TCO,2025-05-11,0,logistic_regression,0.4242424242424242,0.9104999751466827
TCR,2025-05-11,1,transformer,0.5777777777777777,0.5152105689048767
TCT,2025-05-11,1,lstm,0.5573770491803278,0.5916658639907837
TDC,2025-05-11,0,transformer,0.5128205128205128,0.5554187893867493
TDH,2025-05-11,1,logistic_regression,0.4912280701754385,0.9987298391094994
TDS,2025-05-11,1,svm,0.2608695652173913,0.5750228325755219
TDW,2025-05-11,1,svm,0.8571428571428571,0.5855169814635401
TET,2025-05-11,1,lstm,0.9647058823529412,0.9725425243377686
TGP,2025-05-11,1,svm,0.8266666666666667,0.6162755767998473
TH1,2025-05-11,1,logistic_regression,0.88,0.6855399133563344
THB,2025-05-11,1,svm,0.9135802469135802,0.5938306341984847
THG,2025-05-11,1,svm,0.7058823529411765,0.5088544431166676
THT,2025-05-11,0,transformer,0.7142857142857143,0.617156445980072
TIE,2025-05-11,1,svm,0.7945205479452054,0.5296935194185386
TIG,2025-05-11,1,logistic_regression,0.5806451612903226,0.5443167471535083
TIS,2025-05-11,1,svm,0.7605633802816901,0.5430317239791774
TIX,2025-05-11,1,svm,0.8266666666666667,0.9325171477105825
TJC,2025-05-11,1,svm,0.8108108108108109,0.5310190425048678
TKC,2025-05-11,1,lstm,0.9885057471264368,0.6975663900375366
TKU,2025-05-11,1,svm,0.7428571428571429,0.6213373015245601
TLG,2025-05-11,1,logistic_regression,0.55,0.7165804638963233
TLH,2025-05-11,0,logistic_regression,0.32,0.5812891787487434
TLT,2025-05-11,1,svm,0.7777777777777778,0.5678907255207617
TMC,2025-05-11,1,svm,0.7058823529411765,0.5730829933189422
TMP,2025-05-11,1,lstm,0.6461538461538462,0.579910397529602
TMS,2025-05-11,1,svm,0.7246376811594203,0.49355982497390927
TMT,2025-05-11,0,transformer,0.5769230769230769,0.5101553797721863
TMW,2025-05-11,1,lstm,0.8717948717948718,0.7937384247779846
TMX,2025-05-11,1,svm,0.8266666666666667,0.5615983875217876
TNA,2025-05-11,1,lstm,0.8860759493670886,0.5525646805763245
TNB,2025-05-11,1,lstm,0.7605633802816901,0.5251625776290894
TNC,2025-05-11,1,svm,0.5573770491803278,0.5102465965983306
TNG,2025-05-11,1,svm,0.6461538461538462,0.5143969496567383
TNM,2025-05-11,1,svm,0.9885057471264368,0.8599553069854171
TNT,2025-05-11,0,logistic_regression,0.45,0.832090272668684
TPC,2025-05-11,1,svm,0.7777777777777778,0.5077636612349409
TPH,2025-05-11,1,svm,0.8717948717948718,0.9953301417576227
TPP,2025-05-11,1,svm,0.7428571428571429,0.5375966065192755
TRA,2025-05-11,1,svm,0.6031746031746031,0.5
TRC,2025-05-11,0,logistic_regression,0.4102564102564102,0.8260548921280071
TS4,2025-05-11,1,logistic_regression,0.9885057471264368,0.5145155214098259
TSB,2025-05-11,1,svm,0.5573770491803278,0.9999999999792871
TSC,2025-05-11,1,svm,0.6349206349206349,0.5187066073031753
TST,2025-05-11,1,svm,0.8108108108108109,0.6519683878753499
TTC,2025-05-11,1,svm,0.7246376811594203,0.5286239272363277
TTF,2025-05-11,0,svm,0.5098039215686274,0.5512186248417784
TTG,2025-05-11,1,svm,0.7945205479452054,0.692986680032649
TV1,2025-05-11,1,svm,0.6461538461538462,0.5310578721018994
TV2,2025-05-11,1,svm,0.6031746031746031,0.5224964330890526
TV3,2025-05-11,1,svm,0.6666666666666666,0.5542684273919959
TV4,2025-05-11,1,svm,0.8266666666666667,0.5386100456394055
TVD,2025-05-11,1,logistic_regression,0.5806451612903226,0.9954551014171323
TVG,2025-05-11,1,lstm,0.9885057471264368,0.9816934466362
TXM,2025-05-11,1,svm,0.625,0.521036333423728
TYA,2025-05-11,1,lstm,0.7605633802816901,0.6234146356582642
UDC,2025-05-11,0,lstm,0.5384615384615384,0.5003620386123657
UDJ,2025-05-11,1,svm,0.7428571428571429,0.5369901956263786
UIC,2025-05-11,1,svm,0.7246376811594203,0.5
UNI,2025-05-11,0,logistic_regression,0.6511627906976745,0.9652526597935528
V12,2025-05-11,1,svm,0.7246376811594203,0.6209551218213125
V15,2025-05-11,1,lstm,0.9885057471264368,0.8901090025901794
V21,2025-05-11,0,logistic_regression,0.7619047619047619,0.8741158148919669
VBC,2025-05-11,1,svm,0.7246376811594203,0.6148468002069818
VBH,2025-05-11,1,svm,0.6885245901639344,0.6980332539847401
VC1,2025-05-11,1,svm,0.7777777777777778,0.6365863489408166
VC2,2025-05-11,1,svm,0.625,0.5293100423475846
VC3,2025-05-11,1,lstm,0.625,0.5294715762138367
VC5,2025-05-11,1,svm,0.8717948717948718,0.7999100226862351
VC6,2025-05-11,1,lstm,0.7945205479452054,0.6036093831062317
VC7,2025-05-11,0,lstm,0.4210526315789473,0.6140732765197754
VC9,2025-05-11,1,svm,0.7777777777777778,0.529506467983701
VCA,2025-05-11,0,logistic_regression,0.4444444444444444,0.9945374944528579
VCB,2025-05-11,1,svm,0.6111111111111112,0.6343552194727964
VCC,2025-05-11,1,svm,0.6666666666666666,0.556215145696039
VCF,2025-05-11,1,logistic_regression,0.6774193548387096,0.9337153240415539
VCG,2025-05-11,0,svm,0.6274509803921569,0.5975745832962333
VCM,2025-05-11,1,svm,0.6666666666666666,0.6656753827105534
VCR,2025-05-11,0,svm,0.4545454545454545,0.556003055033759
VCS,2025-05-11,1,svm,0.4285714285714285,0.9648833296144183
VCT,2025-05-11,1,lstm,0.9885057471264368,0.9453646540641785
VDL,2025-05-11,1,svm,0.9647058823529412,0.571430549404165
VDN,2025-05-11,1,lstm,0.7605633802816901,0.8697548508644104
VDS,2025-05-11,1,logistic_regression,0.5806451612903226,0.9989106988045493
VDT,2025-05-11,1,svm,0.8421052631578947,0.6675728921728675
VE1,2025-05-11,1,transformer,0.7605633802816901,0.641213059425354
VE2,2025-05-11,1,transformer,0.9885057471264368,0.6716172695159912
VE3,2025-05-11,1,svm,0.7945205479452054,0.5931983952190667
VE4,2025-05-11,1,lstm,0.9885057471264368,0.9637975692749023
VE8,2025-05-11,1,transformer,0.7945205479452054,0.5015406608581543
VE9,2025-05-11,1,lstm,0.8,0.5725358724594116
VES,2025-05-11,0,svm,0.9142857142857144,0.9905240902793571
VFC,2025-05-11,1,lstm,0.8108108108108109,0.6531691551208496
VFG,2025-05-11,1,svm,0.6461538461538462,0.5
VFR,2025-05-11,1,svm,0.6865671641791045,0.5896353961491511
VGP,2025-05-11,1,svm,0.7058823529411765,0.5709884412282307
VGS,2025-05-11,0,lstm,0.4117647058823529,0.5571988821029663
VHC,2025-05-11,1,lstm,0.625,0.6559573411941528
VHF,2025-05-11,1,lstm,0.9885057471264368,0.9539651870727539
VHG,2025-05-11,0,transformer,0.6153846153846154,0.586324155330658
VHH,2025-05-11,1,logistic_regression,0.4651162790697674,0.5111709674572803
VHL,2025-05-11,1,lstm,0.7536231884057971,0.5225391983985901
VIC,2025-05-11,1,svm,0.5098039215686274,0.5241715275539134
VID,2025-05-11,0,svm,0.1481481481481481,0.5298862996300744
VIE,2025-05-11,1,svm,0.7796610169491526,0.8641176527601544
VIG,2025-05-11,1,svm,0.6865671641791045,0.6141686536510863
VIP,2025-05-11,1,logistic_regression,0.5333333333333333,0.5576571533572329
VIR,2025-05-11,1,lstm,0.9647058823529412,0.956169605255127
VIT,2025-05-11,1,svm,0.7605633802816901,0.5528746838088526
VIX,2025-05-11,1,svm,0.6666666666666666,0.5203951471001117
VKC,2025-05-11,1,lstm,0.7605633802816901,0.5869480967521667
VLA,2025-05-11,1,svm,0.6865671641791045,0.73490527406228
VLF,2025-05-11,1,lstm,0.821917808219178,0.7295891046524048
VMC,2025-05-11,1,svm,0.7058823529411765,0.5665844604267639
VMD,2025-05-11,1,transformer,0.6451612903225806,0.522648811340332
VNA,2025-05-11,1,svm,0.5806451612903226,0.6099781647107654
VNC,2025-05-11,1,svm,0.7777777777777778,0.612132621276904
VND,2025-05-11,0,logistic_regression,0.64,0.762629085342333
VNE,2025-05-11,1,transformer,0.5,0.5332052111625671
VNF,2025-05-11,1,svm,0.6666666666666666,0.5926367619818382
VNG,2025-05-11,1,svm,0.5573770491803278,0.5219160745063605
VNH,2025-05-11,1,lstm,0.8571428571428571,0.6195581555366516
VNI,2025-05-11,0,lstm,0.8615384615384616,0.6003507375717163
VNL,2025-05-11,1,svm,0.7058823529411765,0.5562360390147693
VNM,2025-05-11,1,logistic_regression,0.5333333333333333,0.588218437766404
VNR,2025-05-11,1,svm,0.7246376811594203,0.5
VNS,2025-05-11,0,svm,0.6666666666666666,0.5348171365402049
VNT,2025-05-11,1,svm,0.8571428571428571,0.5608294664617604
VNX,2025-05-11,1,svm,0.9135802469135802,0.9028795455267415
VOS,2025-05-11,1,transformer,0.6666666666666666,0.5082971453666687
VPC,2025-05-11,1,svm,0.9135802469135802,0.6985200621866913
VPH,2025-05-11,0,svm,0.2727272727272727,0.5
VQC,2025-05-11,1,svm,0.7605633802816901,0.7205868257892503
VRC,2025-05-11,1,svm,0.5862068965517241,0.4939308515356165
VSC,2025-05-11,1,svm,0.7213114754098361,0.9999999999999699
VSG,2025-05-11,1,svm,0.8717948717948718,0.6280379032794485
VSH,2025-05-11,1,lstm,0.7945205479452054,0.683085560798645
VSI,2025-05-11,0,logistic_regression,0.4651162790697674,0.7625138331775652
VST,2025-05-11,1,svm,0.7777777777777778,0.6340013078831034
VTA,2025-05-11,1,svm,0.7605633802816901,0.5896865385043699
VTB,2025-05-11,1,transformer,0.5925925925925926,0.509713351726532
VTC,2025-05-11,1,svm,0.6666666666666666,0.5997106655371846
VTI,2025-05-11,1,logistic_regression,0.8421052631578947,0.9294701538760585
VTL,2025-05-11,1,transformer,0.8378378378378378,0.8154520988464355
VTO,2025-05-11,1,transformer,0.4444444444444444,0.5083593130111694
VTS,2025-05-11,1,svm,0.8717948717948718,0.6727950843130495
VTV,2025-05-11,1,svm,0.6666666666666666,0.5190908504947817
VXB,2025-05-11,1,svm,0.9397590361445785,0.6265015484528853
WCS,2025-05-11,1,svm,0.7428571428571429,0.5137816548145232
WSB,2025-05-11,1,svm,0.7428571428571429,0.5107512305726929
WSS,2025-05-11,0,lstm,0.8524590163934426,0.5673693418502808
WTC,2025-05-11,0,logistic_regression,0.4571428571428571,0.999982822295278
XMC,2025-05-11,1,lstm,0.6461538461538462,0.503624439239502
YBC,2025-05-11,0,logistic_regression,0.5652173913043478,0.9714991583765981
